codigo,tipo_registro,indicador_carga,tipo_atualizacao,cnpj,matriz_filial,razao_social,nome_fantasia,situacao_cadastral,data_situacao_cadastral,motivo_situacao_cadastral,nome_cidade_exterior,codigo_pais,nome_do_pais,codigo_natureza_juridica,data_inicio_atividade,cnae_fiscal,descricao_tl,logradouro,numero,complemento,bairro,cep,uf,codigo_municipio,municipio,ddd_telefone1,telefone1,ddd_telefone2,telefone2,ddd_fax,fax,email,qualificacao_responsavel,capital_social,porte,opcao_simples,data_opcao_simples,data_exclusao_simples,opcao_mei,situacao_especial,filler,fim_registro,cnaes_secundarias
970163,NULL,NULL,NULL,00909598000136,1,"MAPPIN COMERCIO DE TINTAS LTDA","MAPPIN COMERCIO DE TINTAS",02,2005-08-27,00,,,,2062,1984-08-14,4741500,RUA,"CRISTIANO VICTOR",238,,"SAO JOAO",75703150,GO,9301,CATALAO,,,,,,,,49,0,03,5,2007-07-01,0000-00-00,N,,,,NULL
987706,NULL,NULL,NULL,00925788000147,1,"MAPPIN TRUST DE RECEBIVEIS S.A",,08,2008-12-31,71,,,,2054,1995-11-16,8299702,AVENIDA,"BRIG FARIA LIMA",1384,"7 AND",PINHEIROS,1451001,SP,7107,"SAO PAULO",,,,,,,,10,0,05,0,0000-00-00,0000-00-00,N,,,,NULL
1647544,NULL,NULL,NULL,01546553000107,1,"SUELY DE FATIMA SANTOS","MAPPIN LOJA 20",08,2010-10-21,01,,,,2135,1996-11-14,4782202,AVENIDA,"AFONSO PENA",901,"L20,37/8,57/63/4/5/83",CENTRO,38400130,MG,5403,UBERLANDIA,34,2361690,,,,,,50,0,01,6,2007-07-01,2010-10-21,N,,,,NULL
1853241,NULL,NULL,NULL,01734017000135,1,"MAPPIN IMOVEIS LTDA","MAPPIN IMOVEIS LTDA",08,2008-12-31,71,,,,2062,1997-03-13,4110700,AVENIDA,"BRIG. FARIA LIMA",2075,"6 ANDAR-MEZANINO",PINHEIROS,1451001,SP,7107,"SAO PAULO",,,,,,,,49,0,05,0,0000-00-00,0000-00-00,N,,,,NULL
1853242,NULL,NULL,NULL,01734017000216,2,"MAPPIN IMOVEIS LTDA","MAPPIN IMOVEIS",08,2008-12-31,71,,,,2062,1997-04-25,7490101,RUA,"JOAO CACHOEIRA",899,"PISO 2- MEZANINO","ITAIM BIBI",4535013,SP,7107,"SAO PAULO",,,,,,,,49,0,05,0,0000-00-00,0000-00-00,,,00000000,,NULL
1900736,NULL,NULL,NULL,01779610000106,1,"ADELINO SERRA ALVES",MAPPIN,08,2008-12-31,71,,,,2135,1975-10-16,4530701,AVENIDA,"SAO JOAO",70,,"SAO JOAO",75703140,GO,9301,CATALAO,,,,,,,,50,0,05,0,0000-00-00,0000-00-00,N,,,,NULL
2187597,NULL,NULL,NULL,02054052000176,1,"HCO COMERCIAL LTDA",MAPPIN,08,2001-10-09,01,,,,2062,1997-08-25,5611201,,"SC/SUL QD 07 BL A",SN,"LOJA 200 N PRIM.PAV.","ASA SUL",70310500,DF,9701,BRASILIA,06,2263905,,,,,,49,0,05,0,0000-00-00,0000-00-00,N,,,,NULL
2323209,NULL,NULL,NULL,02185839000177,1,"LOJAS 33 COMERCIO E FRANQUIAS LTDA",MAPPIN,02,2005-11-03,00,,,,2062,1997-10-10,4781400,RUA,33,55,"1 E 2 PISOS","VILA STA CECILIA",27211130,RJ,5925,"VOLTA REDONDA",,,,,,,,49,0,01,0,0000-00-00,0000-00-00,N,,,,NULL
2856394,NULL,NULL,NULL,02687148000171,1,"MARIA CLARA DA ROSA RODRIGUES","MAPPIN COMERCIO E P P",08,2002-10-08,01,,,,2135,1998-08-17,4789007,RUA,"HEITOR SALDANHA",54,,"V SAFIRA",91260310,RS,8801,"PORTO ALEGRE",,,,,,,,50,0,05,0,0000-00-00,0000-00-00,N,,,,NULL
3641323,NULL,NULL,NULL,03419920000137,1,"MAPPING PROPAGANDA E MARKETING LTDA",,08,2015-02-09,73,,,,2062,1999-09-28,7311400,RUA,"FREDERICO GUILHERME LUDWIG",465,"CONJ. 501",CENTRO,92310240,RS,8589,CANOAS,05,4723880,,,05,4727755,,49,0,05,0,0000-00-00,0000-00-00,N,,,,NULL
4375440,NULL,NULL,NULL,04107040000198,1,"G. E GALDINO","MAPPIN CALCADOS",08,2008-12-31,71,,,,2135,2000-10-18,4782201,AVENIDA,"CEL ESTEVAM",1355,"LOJA 72",ALECRIM,59030000,RN,1761,NATAL,08,2137831,,,,,,50,0,05,0,0000-00-00,0000-00-00,N,,,,NULL
4873604,NULL,NULL,NULL,04572955000174,1,"J.R. LANZARO CONSULTORIA E SERVICOS","MAPPING - CONSULTORIA E SERVICOS",04,2018-10-11,63,,,,2135,2001-07-13,7119701,RUA,"LUIS BARBALHO",43,,"ROCHA MIRANDA",21510110,RJ,6001,"RIO DE JANEIRO",21,24720234,,,,,,50,0,01,0,0000-00-00,0000-00-00,N,,,,NULL
6192413,NULL,NULL,NULL,05808338000198,1,"ANA PAULA SILVA DANGUY","MAPPIN COM.DE MATERIAIS DE CONSTRUCAO",02,2003-08-11,00,,,,2135,2003-08-11,4744005,RUA,"DARCILIO FERREIRA DA SILVA",156,,CENTRO,85170000,PR,7765,PINHAO,,,,,,,,50,0,01,6,2007-07-01,2012-12-31,N,,,,NULL
6288789,NULL,NULL,NULL,05898310000199,1,"MAPPING TECHNOLOGIES INC",,02,2003-09-30,00,,249,"ESTADOS UNIDOS",2216,2003-09-30,8888888,,"11708 LOVEJOV ST",,"SILVER SPRINT, MD 209",,0,EX,9707,EXTERIOR,,,,,,,,17,0,05,0,0000-00-00,0000-00-00,N,,,,NULL
8116833,NULL,NULL,NULL,07676845000140,1,"S. S. DE L. DIAS + CIA LTDA",MAPPIN,08,2018-10-05,01,,,,2062,2005-11-10,4781400,RUA,"CORONEL FARIA",186,A,CENTRO,78200000,MT,9047,CACERES,65,32236898,65,32236898,65,32230250,aelege@terra.com.br,49,6000000,01,6,2007-07-01,2010-12-31,N,,,,NULL
9403487,NULL,NULL,NULL,08794946000189,1,"MAPPING GERENCIA DE PROJETOS S/S LTDA",,08,2012-09-05,01,,,,2240,2007-04-19,7020400,RUA,"NORONHA TORREZAO",407,"BL 04 APT 301","SANTA ROSA",24240181,RJ,5865,NITEROI,21,26213964,21,30274782,21,26213964,proeticacontabil@ig.com.br,49,1000000,01,0,0000-00-00,0000-00-00,N,,,,NULL
18810263,NULL,NULL,NULL,17950397000185,1,"AGENCIA DIGITAL MM LTDA",MAPPING.COM,02,2013-04-17,00,,,,2062,2013-04-17,8230001,RUA,PERU,4549,"SALA  A",EMBRATEL,76820744,RO,3,"PORTO VELHO",69,92999407,,,,,MAIQUEFPINTO@GMAIL.COM,49,5000000,01,0,0000-00-00,0000-00-00,N,,,,NULL
20688193,NULL,NULL,NULL,19828191000102,1,"ED CARLOS DE BRITO LOPES 28801359829","MAPPIN SHOP",08,2018-02-01,67,,,,2135,2014-03-06,4752100,RUA,"CORREGO DO UNA",100,,"JARDIM NOVA ITAQUA",8599240,SP,6563,ITAQUAQUECETUBA,11,46452602,,,,,tklex3@hotmail.com,50,200000,01,6,2014-03-06,2018-02-01,S,,,,NULL
21061926,NULL,NULL,NULL,20194873000190,1,"GEORGE DERRADIGUE DE OLIVEIRA FLORES 78687624204","MAPPING CAD SERVICOS",08,2018-02-01,67,,,,2135,2014-05-06,9511800,TRAVESSA,"COMENDADOR CLEMENTINO",73,,CENTRO,69025100,AM,255,MANAUS,92,33023341,,,,,georgederradigue@hotmail.com,50,187500,01,6,2014-05-06,2018-02-01,S,,,,NULL
21074584,NULL,NULL,NULL,20207289000121,1,"MAPPING TREINAMENTO EM PROJETOS LTDA","MAPPING PROJETOS",02,2014-04-29,00,,,,2062,2014-04-29,8219999,RUA,"CARLOS MARTINS",570,"LOJA  01","JARDIM CAMBURI",29090060,ES,5705,VITORIA,27,41410110,,,,,LEONARDO@MAPPINGPROJETOS.COM.BR,49,500000,01,5,2014-04-29,0000-00-00,N,,,,NULL
21315753,NULL,NULL,NULL,20445037000130,1,"MAPPIN REPRESENTACOES LTDA",MAPPIN,08,2008-12-31,71,,,,2062,1985-03-06,8888888,RUA,"NICANOR CARVALHO",145,,GLORIA,30860160,MG,4123,"BELO HORIZONTE",,,,,,,,49,0,05,0,0000-00-00,0000-00-00,N,,,,NULL
24484859,NULL,NULL,NULL,23575795000161,1,"LAILA COSTA DAMASCENO 02873782170","MAPPING PROCESSOS ORGANIZACIONAIS",08,2016-02-29,01,,,,2135,2015-10-30,8599604,"AREA ESPECIAL","SRES AREA ESPECIAL BLOCO D",S/N,"EDIF VAL;APT 106","CRUZEIRO VELHO",70640640,DF,9701,BRASILIA,61,33265669,,,,,thiagovieira.redator@gmail.com,50,300000,01,5,2015-10-30,0000-00-00,S,,,,NULL
30796984,NULL,NULL,NULL,29839786000117,1,"JOSE CERQUEIRA DOS SANTOS 09472756816","MAPPIN COMERCIO E REPRESENTACOES",02,2018-03-04,00,,,,2135,2018-03-04,4755501,RUA,"JOAO BOEMER",488,"LETRA A",BRAS,3018000,SP,7107,"SAO PAULO",11,46045055,,,,,cerqueira39@gmail.com,50,5000,01,5,2018-03-04,0000-00-00,S,,,,NULL
31172403,NULL,NULL,NULL,30213037000169,1,"MAPPIN MERCADO ABERTO PARRA PEQUENOS INVESTIDORES LTDA",MAPPIN,08,1986-02-05,01,,,,2240,1986-02-05,6436100,RUA,"HENRIQUE NOVAES",88,"SALA 906 PARTE",CENTRO,29010490,ES,5705,VITORIA,,,,,,,,28,0,05,0,0000-00-00,0000-00-00,N,,,,NULL
31186295,NULL,NULL,NULL,30226864000197,1,"MAPPING ENGENHEIROS ASSOCIADOS S C",,08,2008-12-31,71,,,,2240,1978-01-17,8888888,RUA,"FRANCISCO MANOEL",251,,CENTRO,25745071,RJ,5877,PETROPOLIS,,,,,,,,28,0,05,0,0000-00-00,0000-00-00,N,,,,NULL
33425809,NULL,NULL,NULL,36384220000103,1,"SOLANGE GARCIA SILVEIRA MENDONCA","MAPPIN EQUIPAMENTOS DE LIMPEZA",02,2005-11-03,00,,,,2135,1991-06-20,4774100,RUA,"CASTRO ALVES",102,FUNDOS,PLANALTO,29118360,ES,5703,"VILA VELHA",,,,,,,,50,0,01,0,0000-00-00,0000-00-00,N,,,,NULL
33610266,NULL,NULL,NULL,38924593000155,1,"MAPPIN FACTORING DE FOMENTO MERCANTIL LTDA",,08,2008-12-31,71,,,,2062,1990-06-13,6491300,PRACA,"RAMOS DE AZEVEDO",131,,CENTRO,1037010,SP,7107,"SAO PAULO",,,,,,,,49,0,05,0,0000-00-00,0000-00-00,N,,,,NULL
34420057,NULL,NULL,NULL,48785968000105,1,"MAPPIN VIAGENS E TURISMO LTDA",,08,2008-12-31,71,,,,2062,1977-06-16,7911200,RUA,"CONSELHEIRO CRISPINIANO",140,"9 ANDAR",CENTRO,1037010,SP,7107,"SAO PAULO",01,30399094,,,01,30399312,,49,0,05,0,0000-00-00,0000-00-00,N,,,,NULL
34420058,NULL,NULL,NULL,48785968000288,2,"MAPPIN VIAGENS E TURISMO LTDA",,08,2008-12-31,71,,,,2062,1986-09-19,7911200,RUA,"JOAO CACHOEIRA",899,"PISO TERREO",ITAIM,4535013,SP,7107,"SAO PAULO",,,,,,,,49,0,05,0,0000-00-00,0000-00-00,,,00000000,,NULL
34420059,NULL,NULL,NULL,48785968000369,2,"MAPPIN VIAGENS E TURISMO LTDA",,08,2008-12-31,71,,,,2062,1987-10-29,7911200,AVENIDA,"PEREIRA BARRETO",42,"LOJA 43 B","VL GILDA",9190900,SP,7057,"SANTO ANDRE",,,,,,,,49,0,05,0,0000-00-00,0000-00-00,,,00000000,,NULL
34420060,NULL,NULL,NULL,48785968000440,2,"MAPPIN VIAGENS E TURISMO LTDA",,08,1992-11-11,01,,,,2062,1987-10-23,7911200,AVENIDA,"RIO BRANCO",50,"3 PAVIMENTO",CENTRO,20090000,RJ,6001,"RIO DE JANEIRO",,,,,,,,49,0,05,0,0000-00-00,0000-00-00,,,00000000,,NULL
34420061,NULL,NULL,NULL,48785968000520,2,"MAPPIN VIAGENS E TURISMO LTDA",,08,1992-07-21,01,,,,2062,1989-03-13,7911200,AVENIDA,"FRANCISCO GLICERIO",1101,"5 ANDAR CONJ 20",CENTRO,13012000,SP,6291,CAMPINAS,,,,,,,,49,0,05,0,0000-00-00,0000-00-00,,,00000000,,NULL
34420062,NULL,NULL,NULL,48785968000601,2,"MAPPIN VIAGENS E TURISMO LTDA","TURISMO MAPPIN",08,1997-03-17,01,,,,2062,1996-04-17,7911200,RUA,"CEL XAVIER DE TOLEDO",153,TERREO,CENTRO,1048100,SP,7107,"SAO PAULO",,,,,,,,49,0,05,0,0000-00-00,0000-00-00,,,00000000,,NULL
34646541,NULL,NULL,NULL,50865476000163,1,"MAPPIN CORRETORA DE SEGUROS S/C LTDA",,08,2008-12-31,71,,,,2240,1982-07-20,7490101,RUA,"CEL. XAVIER DE TOLEDO",161,"15 AND",CENTRO,1048903,SP,7107,"SAO PAULO",,,,,,,,28,0,05,0,0000-00-00,0000-00-00,N,,,,NULL
34735621,NULL,NULL,NULL,51685030000110,1,"MAPPIN TELECOMUNICACOES LTDA",,08,2008-12-31,71,,,,2062,1979-08-28,4618499,AVENIDA,"BRIGADEIRO FARIA LIMA",1384,"4 ANDAR - MEZANINO",PINHEIROS,1452001,SP,7107,"SAO PAULO",,,,,,,,49,0,05,0,0000-00-00,0000-00-00,N,,,,NULL
34735622,NULL,NULL,NULL,51685030000209,2,"MAPPIN TELECOMUNICACOES LTDA",,08,1993-05-18,01,,,,2062,1988-05-24,5211701,RUA,JUREIA,716,,SAUDE,4140110,SP,7107,"SAO PAULO",,,,,,,,49,0,05,0,0000-00-00,0000-00-00,,,00000000,,NULL
34735623,NULL,NULL,NULL,51685030000381,2,"MAPPIN TELECOMUNICACOES LTDA",,08,2008-12-31,71,,,,2062,1997-03-31,4618499,AVENIDA,TAMBORE,1000,"SL 04",BARUERI,6436240,SP,6213,BARUERI,,,,,,,,49,0,05,0,0000-00-00,0000-00-00,,,00000000,,NULL
34735624,NULL,NULL,NULL,51685030000462,2,"MAPPIN TELECOMUNICACOES LTDA",,08,2008-12-31,71,,,,2062,1997-04-02,4618499,AVENIDA,"BRIGADEIRO FARIA LIMA",2232,"LOJA SUC-P1","JARDIM PAULISTANO",1452002,SP,7107,"SAO PAULO",,,,,,,,49,0,05,0,0000-00-00,0000-00-00,,,00000000,,NULL
34735625,NULL,NULL,NULL,51685030000543,2,"MAPPIN TELECOMUNICACOES LTDA",,08,2008-12-31,71,,,,2062,1997-06-27,4618499,AVENIDA,IBIRAPUERA,3103,"LOJAS 31 E 32","CAMPO BELO",4029200,SP,7107,"SAO PAULO",,,,,,,,49,0,05,0,0000-00-00,0000-00-00,,,00000000,,NULL
34735626,NULL,NULL,NULL,51685030000624,2,"MAPPIN TELECOMUNICACOES LTDA",,08,2008-12-31,71,,,,2062,1997-08-26,4618499,AVENIDA,"NACOES UNIDAS",13947,"PISO TER LJ 112 A",MORUMBI,4583010,SP,7107,"SAO PAULO",,,,,,,,49,0,05,0,0000-00-00,0000-00-00,,,00000000,,NULL
34735627,NULL,NULL,NULL,51685030000705,2,"MAPPIN TELECOMUNICACOES LTDA",,08,2008-12-31,71,,,,2062,1997-09-30,4618499,TRAVESSA,CASALBUONO,120,"SUC 230","VL GUILHERME",2047050,SP,7107,"SAO PAULO",,,,,,,,49,0,05,0,0000-00-00,0000-00-00,,,00000000,,NULL
35071075,NULL,NULL,NULL,54751060000175,1,"MAPPIN ADMINISTRADORA DE SERVICOS DE CREDITO S/C LTDA","EST UNIF",08,2008-12-31,71,,,,2240,1985-08-13,7490101,AVENIDA,"BRIG FARIA LIMA",1384,"4 ANDAR","JD PAULISTANO",1451001,SP,7107,"SAO PAULO",01,30399094,,,01,30399051,,28,0,05,0,0000-00-00,0000-00-00,N,,,,NULL
35071076,NULL,NULL,NULL,54751060000256,2,"MAPPIN ADMINISTRADORA DE SERVICOS DE CREDITO S/C LTDA",,08,1987-10-20,01,,,,2240,1985-10-29,6493000,RUA,"CESARIO MOTTA",87,,CENTRO,18017013,SP,7145,SOROCABA,,,,,,,,28,0,05,0,0000-00-00,0000-00-00,,,00000000,,NULL
35071077,NULL,NULL,NULL,54751060000337,2,"MAPPIN ADMINISTRADORA DE SERVICOS DE CREDITO S/C LTDA",,08,1988-05-09,01,,,,2240,1985-10-29,6493000,RUA,"ANT GONCALVES TEIXEIRA",81,,CENTRO,13847176,SP,6715,MOGI-GUACU,,,,,,,,28,0,05,0,0000-00-00,0000-00-00,,,00000000,,NULL
35071078,NULL,NULL,NULL,54751060000418,2,"MAPPIN ADMINISTRADORA DE SERVICOS DE CREDITO S/C LTDA",,08,1988-05-09,01,,,,2240,1985-10-29,6493000,RUA,"ANTONIO CARLOS",240,,CENTRO,13270005,SP,7225,VALINHOS,,,,,,,,28,0,05,0,0000-00-00,0000-00-00,,,00000000,,NULL
35071079,NULL,NULL,NULL,54751060000507,2,"MAPPIN ADMINISTRADORA DE SERVICOS DE CREDITO S/C LTDA",,08,1990-06-18,01,,,,2240,1985-10-29,6493000,RUA,"RUY BARBOSA",47,,CENTRO,9361070,SP,6689,MAUA,,,,,,,,28,0,05,0,0000-00-00,0000-00-00,,,00000000,,NULL
35071080,NULL,NULL,NULL,54751060000680,2,"MAPPIN ADMINISTRADORA DE SERVICOS DE CREDITO S/C LTDA",,08,1996-08-20,01,,,,2240,1985-12-20,6493000,RUA,"OSWALDO SANTOS OPERARIO",332,"SALA 8","VILA CAMARGO",13473291,SP,6131,AMERICANA,,,,,,,,28,0,05,0,0000-00-00,0000-00-00,,,00000000,,NULL
35071081,NULL,NULL,NULL,54751060000760,2,"MAPPIN ADMINISTRADORA DE SERVICOS DE CREDITO S/C LTDA",,08,1996-08-20,01,,,,2240,1986-02-05,6493000,AVENIDA,"RIO BRANCO",122,"SALAS 901 902 E 903",CENTRO,20040001,RJ,6001,"RIO DE JANEIRO",,,,,,,,28,0,05,0,0000-00-00,0000-00-00,,,00000000,,NULL
35071082,NULL,NULL,NULL,54751060000841,2,"MAPPIN ADMINISTRADORA DE SERVICOS DE CREDITO S/C LTDA",,08,1996-08-20,01,,,,2240,1986-01-24,6493000,RUA,"CONSTANCA BARBOSA",209,"LOJA A E B",MEIER,20735090,RJ,6001,"RIO DE JANEIRO",,,,,,,,28,0,05,0,0000-00-00,0000-00-00,,,00000000,,NULL
35071083,NULL,NULL,NULL,54751060000922,2,"MAPPIN ADMINISTRADORA DE SERVICOS DE CREDITO S/C LTDA",,08,1996-08-20,01,,,,2240,1986-02-07,6493000,RUA,"BARONESA DO JAPI",366,"1 ANDAR SALA 14",CENTRO,13207684,SP,6619,JUNDIAI,,,,,,,,28,0,05,0,0000-00-00,0000-00-00,,,00000000,,NULL
35071084,NULL,NULL,NULL,54751060001066,2,"MAPPIN ADMINISTRADORA DE SERVICOS DE CREDITO S/C LTDA",,08,1996-08-20,01,,,,2240,1986-06-04,6493000,RUA,"CEL GOMES MACHADO",118,"LOJA 101",CENTRO,24355090,RJ,5865,NITEROI,,,,,,,,28,0,05,0,0000-00-00,0000-00-00,,,00000000,,NULL
35071085,NULL,NULL,NULL,54751060001147,2,"MAPPIN ADMINISTRADORA DE SERVICOS DE CREDITO S/C LTDA",,08,1988-05-09,01,,,,2240,1986-09-09,6493000,PRACA,"NOVE DE JULHO",1862,"1 AND",CENTRO,14400902,SP,6425,FRANCA,,,,,,,,28,0,05,0,0000-00-00,0000-00-00,,,00000000,,NULL
35071086,NULL,NULL,NULL,54751060001228,2,"MAPPIN ADMINISTRADORA DE SERVICOS DE CREDITO S/C LTDA",,08,1991-08-21,01,,,,2240,1986-12-02,6493000,RUA,"PE JOSE DE ANCHIETA",44,"SALA 3","SANTO AMARO",8210040,SP,7107,"SAO PAULO",,,,,,,,28,0,05,0,0000-00-00,0000-00-00,,,00000000,,NULL
35071087,NULL,NULL,NULL,54751060001309,2,"MAPPIN ADMINISTRADORA DE SERVICOS DE CREDITO S/C LTDA",,08,1987-10-20,09,,,,2240,1986-12-02,6493000,RUA,"MARIANO JUNQUEIRA",443,,CENTRO,14030549,SP,6969,"RIBEIRAO PRETO",,,,,,,,28,0,05,0,0000-00-00,0000-00-00,,,00000000,,NULL
35071088,NULL,NULL,NULL,54751060001490,2,"MAPPIN ADMINISTRADORA DE SERVICOS DE CREDITO S/C LTDA",,08,1991-08-21,01,,,,2240,1987-10-20,6493000,AVENIDA,"PEREIRA BARRETO",42,"LOJA 29","VILA GILDA",9190210,SP,7057,"SANTO ANDRE",,,,,,,,28,0,05,0,0000-00-00,0000-00-00,,,00000000,,NULL
35071089,NULL,NULL,NULL,54751060001570,2,"MAPPIN ADMINISTRADORA DE SERVICOS DE CREDITO S/C LTDA",,08,1991-08-21,01,,,,2240,1988-06-06,8299702,RUA,"JOSE OTONI","93 E95",,"SAO MIGUEL PAULISTA",8010290,SP,7107,"SAO PAULO",,,,,,,,28,0,05,0,0000-00-00,0000-00-00,,,00000000,,NULL
35071090,NULL,NULL,NULL,54751060001651,2,"MAPPIN ADMINISTRADORA DE SERVICOS DE CREDITO S/C LTDA",,08,1996-08-20,01,,,,2240,1992-02-26,8299702,AVENIDA,IMIRIM,1415,"SALA 6",IMIRIM,2465100,SP,7107,"SAO PAULO",,,,,,,,28,0,05,0,0000-00-00,0000-00-00,,,00000000,,NULL
35071091,NULL,NULL,NULL,54751060001732,2,"MAPPIN ADMINISTRADORA DE SERVICOS DE CREDITO S/C LTDA",,08,1996-08-20,01,,,,2240,1992-02-26,8299702,AVENIDA,"DOS AUTONOMISTAS",3819,,"VILA QUITAUNA",6194050,SP,6789,OSASCO,,,,,,,,28,0,05,0,0000-00-00,0000-00-00,,,00000000,,NULL
35071092,NULL,NULL,NULL,54751060001813,2,"MAPPIN ADMINISTRADORA DE SERVICOS DE CREDITO S/C LTDA",,08,1996-08-20,01,,,,2240,1992-02-26,8299702,AVENIDA,"MARTIN FRANCISCO",623,"SALA 6","VL LUCINDA",9230700,SP,7057,"SANTO ANDRE",,,,,,,,28,0,05,0,0000-00-00,0000-00-00,,,00000000,,NULL
35071093,NULL,NULL,NULL,54751060001902,2,"MAPPIN ADMINISTRADORA DE SERVICOS DE CREDITO S/C LTDA",,08,1996-02-29,01,,,,2240,1992-02-26,8299702,RUA,"VISCONDE DE INHAUMA",388,"SALA 12","NOVA GERTY",9571000,SP,7077,"SAO CAETANO DO SUL",,,,,,,,28,0,05,0,0000-00-00,0000-00-00,,,00000000,,NULL
35071094,NULL,NULL,NULL,54751060002038,2,"MAPPIN ADMINISTRADORA DE SERVICOS DE CREDITO S/C LTDA",,08,1995-03-01,01,,,,2240,1992-04-13,8299702,AVENIDA,"JOAQUINA RAMALHO",621,"SALA 1","VILA GUILHERME",2065000,SP,7107,"SAO PAULO",,,,,,,,28,0,05,0,0000-00-00,0000-00-00,,,00000000,,NULL
35071095,NULL,NULL,NULL,54751060002119,2,"MAPPIN ADMINISTRADORA DE SERVICOS DE CREDITO S/C LTDA",,08,1996-08-20,01,,,,2240,1992-09-22,8299702,RUA,BARUEL,271,"SALA 3",CENTRO,8675000,SP,7151,SUZANO,,,,,,,,28,0,05,0,0000-00-00,0000-00-00,,,00000000,,NULL
35071096,NULL,NULL,NULL,54751060002208,2,"MAPPIN ADMINISTRADORA DE SERVICOS DE CREDITO S/C LTDA",,08,1996-08-20,01,,,,2240,1993-07-20,8299702,AVENIDA,"JARDIM JAPAO",923,"1 PAVIMENTO","JARDIM BRASIL",2221000,SP,7107,"SAO PAULO",,,,,,,,28,0,05,0,0000-00-00,0000-00-00,,,00000000,,NULL
35071097,NULL,NULL,NULL,54751060002380,2,"MAPPIN ADMINISTRADORA DE SERVICOS DE CREDITO S/C LTDA",,08,1996-08-20,01,,,,2240,1994-01-21,8299702,AVENIDA,"ROBERT KENNEDY",2148,"SALA 04",INTERLAGOS,4772000,SP,7107,"SAO PAULO",,,,,,,,28,0,05,0,0000-00-00,0000-00-00,,,00000000,,NULL
35071098,NULL,NULL,NULL,54751060002461,2,"MAPPIN ADMINISTRADORA DE SERVICOS DE CREDITO S/C LTDA","MAPPIN ADMINISTRADORA DE SERVICOS DE CREDITO S/C LTDA",08,1996-08-20,01,,,,2240,1994-02-17,8299702,AVENIDA,"ADAO FOCESI",741,"SALA 11","JARDIM DO LAGO",13050000,SP,6291,CAMPINAS,,,,,,,,28,0,05,0,0000-00-00,0000-00-00,,,00000000,,NULL
35071099,NULL,NULL,NULL,54751060002542,2,"MAPPIN ADMINISTRADORA DE SERVICOS DE CREDITO S/C LTDA",,08,1996-08-20,01,,,,2240,1994-02-17,8299702,ESTRADA,ITAPECERICA,910,"SALA 04","VL.DAS BELEZAS",5835002,SP,7107,"SAO PAULO",,,,,,,,28,0,05,0,0000-00-00,0000-00-00,,,00000000,,NULL
35071100,NULL,NULL,NULL,54751060002623,2,"MAPPIN ADMINISTRADORA DE SERVICOS DE CREDITO S/C LTDA",,08,1996-02-29,01,,,,2240,1994-04-12,8299702,RUA,AFONSINA,268,"SALA 3  2.ANDAR","RUDGE RAMOS",9633000,SP,7075,"SAO BERNARDO DO CAMPO",,,,,,,,28,0,05,0,0000-00-00,0000-00-00,,,00000000,,NULL
35071101,NULL,NULL,NULL,54751060002704,2,"MAPPIN ADMINISTRADORA DE SERVICOS DE CREDITO S/C LTDA",,08,1996-08-20,01,,,,2240,1994-07-28,8299702,AVENIDA,"BAR DE MAUA",670,"1. ANDAR  SALA 15",CENTRO,9310000,SP,6689,MAUA,,,,,,,,28,0,05,0,0000-00-00,0000-00-00,,,00000000,,NULL
35071102,NULL,NULL,NULL,54751060002895,2,"MAPPIN ADMINISTRADORA DE SERVICOS DE CREDITO S/C LTDA",,08,1996-08-20,01,,,,2240,1996-06-28,8299702,RUA,"CASTRO TEIXEIRA",270,,"VL CARRAO",3448060,SP,7107,"SAO PAULO",,,,,,,,28,0,05,0,0000-00-00,0000-00-00,,,00000000,,NULL
35293157,NULL,NULL,NULL,56822265000120,1,"MAPPIN COMUNICACAO INTEGRADA S/C LTDA",,08,2008-12-31,71,,,,2240,1986-11-26,7311400,RUA,"CONS CRISPINIANO",72,"11 ANDAR",CENTRO,1037000,SP,7107,"SAO PAULO",,,,,,,,49,0,05,0,0000-00-00,0000-00-00,N,,,,NULL
35589297,NULL,NULL,NULL,59584888000108,1,"MAPPIN ADMINISTRADORA DE CONSORCIOS S/C LTDA EM LIQUIDACAO",,08,2008-12-31,71,,,,2240,1988-10-06,6493000,RUA,"CORONEL XAVIER DE TOLEDO",161,"6 ANDAR  CJ 606",CENTRO,1048100,SP,7107,"SAO PAULO",01,33373031,,,01,33373031,,13,0,05,0,0000-00-00,0000-00-00,N,"INICIO DE LIQUIDACAO",20010328,,NULL
35589298,NULL,NULL,NULL,59584888000280,2,"MAPPIN ADMINISTRADORA DE CONSORCIOS S/C LTDA EM LIQUIDACAO",,08,1997-08-29,01,,,,2240,1989-04-11,8299702,AVENIDA,"SEN SARAIVA",522,,CENTRO,13024500,SP,6291,CAMPINAS,,,,,,,,13,0,05,0,0000-00-00,0000-00-00,,,00000000,,NULL
35589299,NULL,NULL,NULL,59584888000361,2,"MAPPIN ADMINISTRADORA DE CONSORCIOS S/C LTDA EM LIQUIDACAO",,08,1998-10-16,01,,,,2240,1989-04-11,8299702,RUA,"ALVARES CABRAL",274,"SOBRE LOJA",CENTRO,14010080,SP,6969,"RIBEIRAO PRETO",,,,,,,,13,0,05,0,0000-00-00,0000-00-00,,,00000000,,NULL
35589300,NULL,NULL,NULL,59584888000442,2,"MAPPIN ADMINISTRADORA DE CONSORCIOS S/C LTDA EM LIQUIDACAO",,08,1997-08-29,01,,,,2240,1989-04-11,8299702,RUA,"SANTA CLARA",43,,CENTRO,18035251,SP,7145,SOROCABA,,,,,,,,13,0,05,0,0000-00-00,0000-00-00,,,00000000,,NULL
35589301,NULL,NULL,NULL,59584888000523,2,"MAPPIN ADMINISTRADORA DE CONSORCIOS S/C LTDA EM LIQUIDACAO",,08,1997-08-29,01,,,,2240,1989-04-11,8299702,RUA,"VIGARIO J J RODRIGUES",838,"SUB SOLO",CENTRO,13212390,SP,6619,JUNDIAI,,,,,,,,13,0,05,0,0000-00-00,0000-00-00,,,00000000,,NULL
35589302,NULL,NULL,NULL,59584888000604,2,"MAPPIN ADMINISTRADORA DE CONSORCIOS S/C LTDA EM LIQUIDACAO",,08,2008-12-31,71,,,,2240,1989-04-11,8299702,AVENIDA,"RIO BRANCO",122,"16 ANDAR",CENTRO,20010000,RJ,6001,"RIO DE JANEIRO",,,,,,,,13,0,05,0,0000-00-00,0000-00-00,,,00000000,,NULL
35589303,NULL,NULL,NULL,59584888000795,2,"MAPPIN ADMINISTRADORA DE CONSORCIOS S/C LTDA EM LIQUIDACAO",,08,1997-06-30,01,,,,2240,1989-07-04,8299702,RUA,URUGUAI,155,"10. AND CONJ. 1012",CENTRO,91220580,RS,8801,"PORTO ALEGRE",,,,,,,,13,0,05,0,0000-00-00,0000-00-00,,,00000000,,NULL
35589304,NULL,NULL,NULL,59584888000876,2,"MAPPIN ADMINISTRADORA DE CONSORCIOS S/C LTDA EM LIQUIDACAO",,08,1993-11-18,09,,,,2240,1989-07-04,8299702,AVENIDA,"PEDRO ADAMS FILHO",5401,"SALA 1",CENTRO,93310550,RS,8771,"NOVO HAMBURGO",,,,,,,,13,0,05,0,0000-00-00,0000-00-00,,,00000000,,NULL
35589305,NULL,NULL,NULL,59584888000957,2,"MAPPIN ADMINISTRADORA DE CONSORCIOS S/C LTDA EM LIQUIDACAO",,08,1993-11-18,09,,,,2240,1989-07-04,8299702,AVENIDA,BRASIL,861,"SALA 1",CENTRO,98801590,RS,8853,"SANTO ANGELO",,,,,,,,13,0,05,0,0000-00-00,0000-00-00,,,00000000,,NULL
35589306,NULL,NULL,NULL,59584888001090,2,"MAPPIN ADMINISTRADORA DE CONSORCIOS S/C LTDA EM LIQUIDACAO",,08,1993-11-18,09,,,,2240,1989-07-04,8299702,RUA,"DO ACAMPAMENTO",181,"SALA 1",CENTRO,97050001,RS,8841,"SANTA MARIA",,,,,,,,13,0,05,0,0000-00-00,0000-00-00,,,00000000,,NULL
35589307,NULL,NULL,NULL,59584888001171,2,"MAPPIN ADMINISTRADORA DE CONSORCIOS S/C LTDA EM LIQUIDACAO",,08,1993-11-18,09,,,,2240,1989-07-04,8299702,RUA,"BENTO MARTINS",2820,"SALA 1",CENTRO,97510000,RS,8951,URUGUAIANA,,,,,,,,13,0,05,0,0000-00-00,0000-00-00,,,00000000,,NULL
35589308,NULL,NULL,NULL,59584888001252,2,"MAPPIN ADMINISTRADORA DE CONSORCIOS S/C LTDA EM LIQUIDACAO",,08,1993-11-18,09,,,,2240,1989-07-04,8299702,RUA,"MOREIRA CESAR",2967,"SALA 1",CENTRO,95034000,RS,8599,"CAXIAS DO SUL",,,,,,,,13,0,05,0,0000-00-00,0000-00-00,,,00000000,,NULL
35589309,NULL,NULL,NULL,59584888001333,2,"MAPPIN ADMINISTRADORA DE CONSORCIOS S/C LTDA EM LIQUIDACAO",,08,1993-11-18,09,,,,2240,1989-07-04,8299702,RUA,"ANDRADE NEVES",2065,"SALA 1",CENTRO,96020080,RS,8791,PELOTAS,,,,,,,,13,0,05,0,0000-00-00,0000-00-00,,,00000000,,NULL
35589310,NULL,NULL,NULL,59584888001414,2,"MAPPIN ADMINISTRADORA DE CONSORCIOS S/C LTDA EM LIQUIDACAO",,08,1993-11-18,09,,,,2240,1989-07-04,8299702,RUA,"GENERAL BARCELAR",336,"SALA 1",CENTRO,96209030,RS,8815,"RIO GRANDE",,,,,,,,13,0,05,0,0000-00-00,0000-00-00,,,00000000,,NULL
35589311,NULL,NULL,NULL,59584888001503,2,"MAPPIN ADMINISTRADORA DE CONSORCIOS S/C LTDA EM LIQUIDACAO",,08,1993-11-18,09,,,,2240,1989-07-04,8299702,AVENIDA,"PRESIDENTE VARGAS",100,"SALA 1",CENTRO,99070000,RS,8785,"PASSO FUNDO",,,,,,,,13,0,05,0,0000-00-00,0000-00-00,,,00000000,,NULL
35589312,NULL,NULL,NULL,59584888001686,2,"MAPPIN ADMINISTRADORA DE CONSORCIOS S/C LTDA EM LIQUIDACAO",,08,1996-06-12,01,,,,2240,1989-10-02,8299702,RUA,"MARQUES DO HERVAL",601,"SALA 1",CENTRO,12080250,SP,7183,TAUBATE,,,,,,,,13,0,05,0,0000-00-00,0000-00-00,,,00000000,,NULL
35589313,NULL,NULL,NULL,59584888001767,2,"MAPPIN ADMINISTRADORA DE CONSORCIOS S/C LTDA EM LIQUIDACAO",,08,1995-08-08,01,,,,2240,1989-10-02,8299702,RUA,"ALFRERES FRANCO",335,"SALA 1",CENTRO,13480021,SP,6639,LIMEIRA,,,,,,,,13,0,05,0,0000-00-00,0000-00-00,,,00000000,,NULL
35589314,NULL,NULL,NULL,59584888001848,2,"MAPPIN ADMINISTRADORA DE CONSORCIOS S/C LTDA EM LIQUIDACAO",,08,1997-06-29,01,,,,2240,1989-10-02,8299702,AVENIDA,"ANA COSTA",493,"1 AND",GONZAGA,11060911,SP,7071,SANTOS,,,,,,,,13,0,05,0,0000-00-00,0000-00-00,,,00000000,,NULL
35589315,NULL,NULL,NULL,59584888001929,2,"MAPPIN ADMINISTRADORA DE CONSORCIOS S/C LTDA EM LIQUIDACAO",,08,1993-11-18,09,,,,2240,1989-10-02,8299702,PRACA,"DR GARCIA COUTINHO",43,"SALA 1",CENTRO,37550000,MG,5049,"POUSO ALEGRE",,,,,,,,13,0,05,0,0000-00-00,0000-00-00,,,00000000,,NULL
35589316,NULL,NULL,NULL,59584888002062,2,"MAPPIN ADMINISTRADORA DE CONSORCIOS S/C LTDA EM LIQUIDACAO",,08,1996-06-12,01,,,,2240,1989-10-08,8299702,AVENIDA,"PEREIRA BARRETO",42,"PISO 2","STA TEREZA",9190210,SP,7057,"SANTO ANDRE",,,,,,,,13,0,05,0,0000-00-00,0000-00-00,,,00000000,,NULL
35589317,NULL,NULL,NULL,59584888002143,2,"MAPPIN ADMINISTRADORA DE CONSORCIOS S/C LTDA EM LIQUIDACAO",,08,1997-08-29,01,,,,2240,1990-01-24,8299702,AVENIDA,ANHANGUERA,3778,,"VL NOVA",74643010,GO,9373,GOIANIA,,,,,,,,13,0,05,0,0000-00-00,0000-00-00,,,00000000,,NULL
35589318,NULL,NULL,NULL,59584888002224,2,"MAPPIN ADMINISTRADORA DE CONSORCIOS S/C LTDA EM LIQUIDACAO",,08,1998-10-08,01,,,,2240,1990-01-24,8299702,SETOR,"CENTRO COMERCIAL CONIC",S/N,"LOJA 21","Z. CENTRAL-P.PILOTO",70310500,DF,9701,BRASILIA,,,,,,,,13,0,05,0,0000-00-00,0000-00-00,,,00000000,,NULL
35589319,NULL,NULL,NULL,59584888002305,2,"MAPPIN ADMINISTRADORA DE CONSORCIOS S/C LTDA EM LIQUIDACAO",,08,1997-06-30,01,,,,2240,1990-02-13,8299702,AVENIDA,"COMENDADOR ARAUJO",323,CONJ.137,CENTRO,80420903,PR,7535,CURITIBA,,,,,,,,13,0,05,0,0000-00-00,0000-00-00,,,00000000,,NULL
35589320,NULL,NULL,NULL,59584888002496,2,"MAPPIN ADMINISTRADORA DE CONSORCIOS S/C LTDA EM LIQUIDACAO",,08,1993-04-30,01,,,,2240,1990-02-13,8299702,RUA,"CORONEL CLAUDIO",96,"SALA 1",CENTRO,84010120,PR,7777,"PONTA GROSSA",,,,,,,,13,0,05,0,0000-00-00,0000-00-00,,,00000000,,NULL
35589321,NULL,NULL,NULL,59584888002577,2,"MAPPIN ADMINISTRADORA DE CONSORCIOS S/C LTDA EM LIQUIDACAO",,08,1993-04-30,01,,,,2240,1990-02-13,8299702,RUA,"DR. JOAO COLIN",119,"SALA 1",CENTRO,89201300,SC,8179,JOINVILLE,,,,,,,,13,0,05,0,0000-00-00,0000-00-00,,,00000000,,NULL
35589322,NULL,NULL,NULL,59584888002658,2,"MAPPIN ADMINISTRADORA DE CONSORCIOS S/C LTDA EM LIQUIDACAO",,08,1996-06-12,01,,,,2240,1990-08-07,8299702,RUA,"23 DE MAIO",224,"4. ANDAR  SALA 41",CENTRO,13323156,SP,7005,SALTO,,,,,,,,13,0,05,0,0000-00-00,0000-00-00,,,00000000,,NULL
35589323,NULL,NULL,NULL,59584888002739,2,"MAPPIN ADMINISTRADORA DE CONSORCIOS S/C LTDA EM LIQUIDACAO",,08,1992-08-13,01,,,,2240,1991-08-13,8299702,RODOVIA,"BR 116",SN,"KM 706 S 01","BAIRRO DA BARRA",36880000,MG,4877,MURIAE,,,,,,,,13,0,05,0,0000-00-00,0000-00-00,,,00000000,,NULL
35589324,NULL,NULL,NULL,59584888002810,2,"MAPPIN ADMINISTRADORA DE CONSORCIOS S/C LTDA EM LIQUIDACAO",,08,1997-08-29,01,,,,2240,1993-11-11,8299702,AVENIDA,BRASIL,740,,CENTRO,19010031,SP,6929,"PRESIDENTE PRUDENTE",,,,,,,,13,0,05,0,0000-00-00,0000-00-00,,,00000000,,NULL
35589325,NULL,NULL,NULL,59584888002909,2,"MAPPIN ADMINISTRADORA DE CONSORCIOS S/C LTDA EM LIQUIDACAO",,08,1998-09-17,01,,,,2240,1993-12-27,8299702,RUA,"13 DE MAIO",127,"1 AND",CENTRO,58013070,PB,2051,"JOAO PESSOA",,,,,,,,13,0,05,0,0000-00-00,0000-00-00,,,00000000,,NULL
35589326,NULL,NULL,NULL,59584888003034,2,"MAPPIN ADMINISTRADORA DE CONSORCIOS S/C LTDA EM LIQUIDACAO",,08,1997-08-29,01,,,,2240,1995-08-08,8299702,RUA,"SAO PAULO",893,S/807,CENTRO,30170130,MG,4123,"BELO HORIZONTE",,,,,,,,13,0,05,0,0000-00-00,0000-00-00,,,00000000,,NULL
35589327,NULL,NULL,NULL,59584888003115,2,"MAPPIN ADMINISTRADORA DE CONSORCIOS S/C LTDA EM LIQUIDACAO",,08,1998-09-17,01,,,,2240,1995-08-08,8299702,AVENIDA,"SETE DE SETEMBRO",895,,CENTRO,40060000,BA,3849,SALVADOR,,,,,,,,13,0,05,0,0000-00-00,0000-00-00,,,00000000,,NULL
35589328,NULL,NULL,NULL,59584888003204,2,"MAPPIN ADMINISTRADORA DE CONSORCIOS S/C LTDA EM LIQUIDACAO",,08,1998-07-25,01,,,,2240,1995-08-08,8299702,RUA,"DO LIVRAMENTO",207,211,CENTRO,57020140,AL,2785,MACEIO,,,,,,,,13,0,05,0,0000-00-00,0000-00-00,,,00000000,,NULL
35589329,NULL,NULL,NULL,59584888003387,2,"MAPPIN ADMINISTRADORA DE CONSORCIOS S/C LTDA EM LIQUIDACAO",,08,1997-06-30,01,,,,2240,1995-08-08,8299702,RUA,"DA CONCORDIA",188,,"SAO JOSE",50020050,PE,2531,RECIFE,,,,,,,,13,0,05,0,0000-00-00,0000-00-00,,,00000000,,NULL
35589330,NULL,NULL,NULL,59584888003468,2,"MAPPIN ADMINISTRADORA DE CONSORCIOS S/C LTDA EM LIQUIDACAO",,08,1997-11-30,01,,,,2240,1995-08-08,8299702,RUA,"PRINCESA IZABEL",684,,"CIDADE ALTA",59025400,RN,1761,NATAL,,,,,,,,13,0,05,0,0000-00-00,0000-00-00,,,00000000,,NULL
35589331,NULL,NULL,NULL,59584888003549,2,"MAPPIN ADMINISTRADORA DE CONSORCIOS S/C LTDA EM LIQUIDACAO",,08,1997-06-30,01,,,,2240,1995-08-08,8299702,RUA,"BARAO DE RIO BRANCO",1248,,CENTRO,60025061,CE,1389,FORTALEZA,,,,,,,,13,0,05,0,0000-00-00,0000-00-00,,,00000000,,NULL
35589332,NULL,NULL,NULL,59584888003620,2,"MAPPIN ADMINISTRADORA DE CONSORCIOS S/C LTDA EM LIQUIDACAO",,08,2008-12-31,71,,,,2240,1996-06-17,6493000,RUA,"CEL XAVIER DE TOLEDO",161,"2 E 6 ANDS",CENTRO,1045000,SP,7107,"SAO PAULO",,,,,,,,13,0,05,0,0000-00-00,0000-00-00,,,00000000,,NULL
35628575,NULL,NULL,NULL,59954701000102,1,"MAPPIN SOCIEDADE DE PREVIDENCIA PRIVADA",,02,2005-11-03,00,,,,3999,1989-03-02,6541300,RUA,"CORONEL XAVIER DE TOLEDO",121,"CONJUNTO 41",CENTRO,1048100,SP,7107,"SAO PAULO",11,31202365,,,11,31202365,mappinprev@uol.com.br,13,0,05,0,0000-00-00,0000-00-00,N,"INICIO DE LIQUIDACAO",19990806,,NULL
35851909,NULL,NULL,NULL,61565511000145,1,"CASA ANGLO BRASILEIRA S/A",MAPPIN,08,2008-12-31,71,,,,2046,1966-08-10,4713001,PRACA,"RAMOS DE AZEVEDO",131,,CENTRO,1037010,SP,7107,"SAO PAULO",,,,,,,,10,0,05,0,0000-00-00,0000-00-00,N,,,,NULL
35851910,NULL,NULL,NULL,61565511000226,2,"CASA ANGLO BRASILEIRA S/A",MAPPIN,08,2008-12-31,71,,,,2046,1966-08-10,4713001,RUA,"JOAO CACHOEIRA",899,,ITAIM,4535013,SP,7107,"SAO PAULO",,,,,,,,10,0,05,0,0000-00-00,0000-00-00,,,00000000,,NULL
35851911,NULL,NULL,NULL,61565511000498,2,"CASA ANGLO BRASILEIRA S/A",MAPPIN,08,2008-12-31,71,,,,2046,1966-12-20,4713001,ALAMEDA,"DINO BUENO","332 36",,"CAMPOS ELISEOS",1027040,SP,7107,"SAO PAULO",,,,,,,,10,0,05,0,0000-00-00,0000-00-00,,,00000000,,NULL
35851912,NULL,NULL,NULL,61565511000579,2,"CASA ANGLO BRASILEIRA S/A",MAPPIN,08,2008-12-31,71,,,,2046,1969-09-01,4713001,RUA,"HASSIB MOFARREJ",1101,,"VILA LEOPOLDINA",5312000,SP,7107,"SAO PAULO",,,,,,,,10,0,05,0,0000-00-00,0000-00-00,,,00000000,,NULL
35851913,NULL,NULL,NULL,61565511000650,2,"CASA ANGLO BRASILEIRA S/A",MAPPIN,08,2008-12-31,71,,,,2046,1969-09-10,4713001,RUA,"SAO BENTO",230,,CENTRO,1010000,SP,7107,"SAO PAULO",,,,,,,,10,0,05,0,0000-00-00,0000-00-00,,,00000000,,NULL
35851914,NULL,NULL,NULL,61565511000811,2,"CASA ANGLO BRASILEIRA S/A",MAPPIN,08,2008-12-31,71,,,,2046,1973-04-24,4713001,RUA,"CONS CRISPINIANO",139,"6 ANDAR SALA 61",CENTRO,1037907,SP,7107,"SAO PAULO",,,,,,,,10,0,05,0,0000-00-00,0000-00-00,,,00000000,,NULL
35851915,NULL,NULL,NULL,61565511000900,2,"CASA ANGLO BRASILEIRA S/A",MAPPIN,08,2008-12-31,71,,,,2046,1973-07-09,4713001,RUA,"HASSIB MOFARREJ",1123,,"VILA LEOPOLDINA",5312000,SP,7107,"SAO PAULO",,,,,,,,10,0,05,0,0000-00-00,0000-00-00,,,00000000,,NULL
35851916,NULL,NULL,NULL,61565511001117,2,"CASA ANGLO BRASILEIRA S/A",MAPPIN,08,2008-12-31,71,,,,2046,1975-10-22,4713001,RUA,"CEL XAVIER DE TOLEDO",88,,CENTRO,1048000,SP,7107,"SAO PAULO",,,,,,,,10,0,05,0,0000-00-00,0000-00-00,,,00000000,,NULL
35851917,NULL,NULL,NULL,61565511001206,2,"CASA ANGLO BRASILEIRA S/A",MAPPIN,08,2008-12-31,71,,,,2046,1976-02-18,4713001,AVENIDA,"SAO JOAO",1086,,CENTRO,1035000,SP,7107,"SAO PAULO",,,,,,,,10,0,05,0,0000-00-00,0000-00-00,,,00000000,,NULL
35851918,NULL,NULL,NULL,61565511001389,2,"CASA ANGLO BRASILEIRA S/A",MAPPIN,08,2008-12-31,71,,,,2046,1976-04-27,8299799,RUA,"CEL XAVIER DE TOLEDO",161,"SALAS 204 5 6",CENTRO,1048903,SP,7107,"SAO PAULO",,,,,,,,10,0,05,0,0000-00-00,0000-00-00,,,00000000,,NULL
35851921,NULL,NULL,NULL,61565511001702,2,"CASA ANGLO BRASILEIRA S/A",MAPPIN,08,2008-12-31,71,,,,2046,1977-11-01,4713001,RUA,OTHAO,297,,"VILA LEOPOLDINA",5313020,SP,7107,"SAO PAULO",,,,,,,,10,0,05,0,0000-00-00,0000-00-00,,,00000000,,NULL
35851922,NULL,NULL,NULL,61565511001893,2,"CASA ANGLO BRASILEIRA S/A",MAPPIN,08,2008-12-31,71,,,,2046,1978-02-02,4713001,RUA,"HASSIB MOFARREJ",662,,"VILA LEOPOLDINA",5312000,SP,7107,"SAO PAULO",,,,,,,,10,0,05,0,0000-00-00,0000-00-00,,,00000000,,NULL
35851923,NULL,NULL,NULL,61565511001974,2,"CASA ANGLO BRASILEIRA S/A",MAPPIN,08,2008-12-31,71,,,,2046,1978-12-19,4713001,AVENIDA,"ENG ROBERTO ZUCCOLO",74,,"VILA LEOPOLDINA",5307190,SP,7107,"SAO PAULO",,,,,,,,10,0,05,0,0000-00-00,0000-00-00,,,00000000,,NULL
35851924,NULL,NULL,NULL,61565511002008,2,"CASA ANGLO BRASILEIRA S/A",MAPPIN,08,2008-12-31,71,,,,2046,1978-12-19,4713001,AVENIDA,"ENG ROBERTO ZUCCOLO",184,,"VILA LEOPOLDINA",5307190,SP,7107,"SAO PAULO",,,,,,,,10,0,05,0,0000-00-00,0000-00-00,,,00000000,,NULL
35851925,NULL,NULL,NULL,61565511002199,2,"CASA ANGLO BRASILEIRA S/A",MAPPIN,08,2008-12-31,71,,,,2046,1978-12-19,4713001,ALAMEDA,"BAR DE LIMEIRA",108,,CENTRO,1202000,SP,7107,"SAO PAULO",,,,,,,,10,0,05,0,0000-00-00,0000-00-00,,,00000000,,NULL
35851926,NULL,NULL,NULL,61565511002270,2,"CASA ANGLO BRASILEIRA S/A",MAPPIN,08,2008-12-31,71,,,,2046,1978-12-19,4713001,RUA,"CONS CRISPINIANO",86,,CENTRO,1037000,SP,7107,"SAO PAULO",,,,,,,,10,0,05,0,0000-00-00,0000-00-00,,,00000000,,NULL
35851927,NULL,NULL,NULL,61565511002350,2,"CASA ANGLO BRASILEIRA S/A",MAPPIN,08,2008-12-31,71,,,,2046,1978-12-19,8299799,RUA,"SAO BENTO",200,"CJ 2",CENTRO,1010000,SP,7107,"SAO PAULO",,,,,,,,10,0,05,0,0000-00-00,0000-00-00,,,00000000,,NULL
35851928,NULL,NULL,NULL,61565511002431,2,"CASA ANGLO BRASILEIRA S/A","MAPPIN EST UNIF",08,2008-12-31,71,,,,2046,1979-02-12,8299799,RUA,"CONS CRISPINIANO",139,"CJ 11",CENTRO,1037907,SP,7107,"SAO PAULO",,,,,,,,10,0,05,0,0000-00-00,0000-00-00,,,00000000,,NULL
35851929,NULL,NULL,NULL,61565511002512,2,"CASA ANGLO BRASILEIRA S/A",MAPPIN,08,2008-12-31,71,,,,2046,1979-05-04,4713001,RUA,OTHAO,350,,"VILA LEOPOLDINA",5313020,SP,7107,"SAO PAULO",,,,,,,,10,0,05,0,0000-00-00,0000-00-00,,,00000000,,NULL
35851930,NULL,NULL,NULL,61565511002601,2,"CASA ANGLO BRASILEIRA S/A",MAPPIN,08,2008-12-31,71,,,,2046,1979-05-04,4713001,RUA,"DR EDUARDO SOUZA ARANHA",457,,"VILA OLIMPIA",4543121,SP,7107,"SAO PAULO",,,,,,,,10,0,05,0,0000-00-00,0000-00-00,,,00000000,,NULL
35851931,NULL,NULL,NULL,61565511002784,2,"CASA ANGLO BRASILEIRA S/A",MAPPIN,08,2008-12-31,71,,,,2046,1979-05-16,4713001,RUA,"HASSIB MOFARREJ",1180,,"VILA LEOPOLDINA",5312000,SP,7107,"SAO PAULO",,,,,,,,10,0,05,0,0000-00-00,0000-00-00,,,00000000,,NULL
35851932,NULL,NULL,NULL,61565511002865,2,"CASA ANGLO BRASILEIRA S/A",MAPPIN,08,2008-12-31,71,,,,2046,1981-12-08,8299799,RUA,"CONS CRISPINIANO",72,"6 AO 11 ANDAR",CENTRO,1037000,SP,7107,"SAO PAULO",,,,,,,,10,0,05,0,0000-00-00,0000-00-00,,,00000000,,NULL
35851933,NULL,NULL,NULL,61565511002946,2,"CASA ANGLO BRASILEIRA S/A",MAPPIN,08,2008-12-31,71,,,,2046,1984-02-29,8299799,RUA,"CONS CRISPINIANO",58,"4 ANDAR",CENTRO,1037000,SP,7107,"SAO PAULO",,,,,,,,10,0,05,0,0000-00-00,0000-00-00,,,00000000,,NULL
35851934,NULL,NULL,NULL,61565511003080,2,"CASA ANGLO BRASILEIRA S/A",MAPPIN,08,1987-08-31,01,,,,2046,1984-02-29,8888888,RUA,"VINTE E QUATRO DE MAIO",35,"2 E 3 SOBRELOJAS",CENTRO,1041000,SP,7107,"SAO PAULO",,,,,,,,10,0,05,0,0000-00-00,0000-00-00,,,00000000,,NULL
35851935,NULL,NULL,NULL,61565511003160,2,"CASA ANGLO BRASILEIRA S/A",MAPPIN,08,2008-12-31,71,,,,2046,1984-03-29,8299799,RUA,"CONS CRISPINIANO",58,"5 6 7 8 9 13 A",CENTRO,1037000,SP,7107,"SAO PAULO",,,,,,,,10,0,05,0,0000-00-00,0000-00-00,,,00000000,,NULL
35851936,NULL,NULL,NULL,61565511003241,2,"CASA ANGLO BRASILEIRA S/A",MAPPIN,08,2008-12-31,71,,,,2046,1984-03-29,4713001,RUA,"CONS CRISPINIANO",58,"14 ANDAR",CENTRO,1037000,SP,7107,"SAO PAULO",,,,,,,,10,0,05,0,0000-00-00,0000-00-00,,,00000000,,NULL
35851937,NULL,NULL,NULL,61565511003322,2,"CASA ANGLO BRASILEIRA S/A",MAPPIN,08,2008-12-31,71,,,,2046,1984-05-22,4713001,RUA,"HASSIB MOFARREJ",647,,"VILA LEOPOLDINA",5312000,SP,7107,"SAO PAULO",,,,,,,,10,0,05,0,0000-00-00,0000-00-00,,,00000000,,NULL
35851938,NULL,NULL,NULL,61565511003403,2,"CASA ANGLO BRASILEIRA S/A",MAPPIN,08,2008-12-31,71,,,,2046,1984-05-28,4713001,RUA,"HASSIB MOFARREJ",533,,"VILA LEOPOLDINA",5312000,SP,7107,"SAO PAULO",,,,,,,,10,0,05,0,0000-00-00,0000-00-00,,,00000000,,NULL
35851939,NULL,NULL,NULL,61565511003594,2,"CASA ANGLO BRASILEIRA S/A",MAPPIN,08,2008-12-31,71,,,,2046,1984-11-26,4713001,AVENIDA,MOFARREJ,241,,"VILA LEOPOLDINA",5311000,SP,7107,"SAO PAULO",,,,,,,,10,0,05,0,0000-00-00,0000-00-00,,,00000000,,NULL
35851940,NULL,NULL,NULL,61565511003675,2,"CASA ANGLO BRASILEIRA S/A",MAPPIN,08,2008-12-31,71,,,,2046,1985-12-04,4713001,AVENIDA,"ADOLFO PINHEIRO",111,,"SANTO AMARO",4733000,SP,7107,"SAO PAULO",,,,,,,,10,0,05,0,0000-00-00,0000-00-00,,,00000000,,NULL
35851941,NULL,NULL,NULL,61565511003756,2,"CASA ANGLO BRASILEIRA S/A",MAPPIN,08,1987-08-31,01,,,,2046,1986-05-29,8888888,AVENIDA,MOFARREJ,685,,"VILA LEOPOLDINA",8210040,SP,7107,"SAO PAULO",,,,,,,,10,0,05,0,0000-00-00,0000-00-00,,,00000000,,NULL
35851942,NULL,NULL,NULL,61565511003837,2,"CASA ANGLO BRASILEIRA S/A",MAPPIN,08,2008-12-31,71,,,,2046,1986-09-22,4713001,AVENIDA,"PEREIRA BARRETO",42,,,9190900,SP,7057,"SANTO ANDRE",,,,,,,,10,0,05,0,0000-00-00,0000-00-00,,,00000000,,NULL
35851943,NULL,NULL,NULL,61565511003918,2,"CASA ANGLO BRASILEIRA S/A",MAPPIN,08,1990-06-08,01,,,,2046,1986-11-13,4713001,RUA,"AMADOR BUENO",491,,"SANTO AMARO",4752005,SP,7107,"SAO PAULO",,,,,,,,10,0,05,0,0000-00-00,0000-00-00,,,00000000,,NULL
35851944,NULL,NULL,NULL,61565511004051,2,"CASA ANGLO BRASILEIRA S/A",MAPPIN,08,2008-12-31,71,,,,2046,1987-01-09,4713001,AVENIDA,"SAO JOAO",473,,CENTRO,1035000,SP,7107,"SAO PAULO",,,,,,,,10,0,05,0,0000-00-00,0000-00-00,,,00000000,,NULL
35851945,NULL,NULL,NULL,61565511004132,2,"CASA ANGLO BRASILEIRA S/A",MAPPIN,08,2008-12-31,71,,,,2046,1987-01-14,4713001,RUA,MERGENTHALER,1169,,"VILA LEOPOLDINA",5311030,SP,7107,"SAO PAULO",,,,,,,,10,0,05,0,0000-00-00,0000-00-00,,,00000000,,NULL
35851946,NULL,NULL,NULL,61565511004213,2,"CASA ANGLO BRASILEIRA S/A",MAPPIN,08,2008-12-31,71,,,,2046,1987-05-05,8299799,AVENIDA,PORTUGAL,121,"LOJA TERREA",,9361070,SP,6689,MAUA,,,,,,,,10,0,05,0,0000-00-00,0000-00-00,,,00000000,,NULL
35851947,NULL,NULL,NULL,61565511004302,2,"CASA ANGLO BRASILEIRA S/A",MAPPIN,08,2008-12-31,71,,,,2046,1987-08-27,8299799,RUA,"CEL XAVIER DE TOLEDO",137,"31 A 34 VIDE VERSO",CENTRO,1048100,SP,7107,"SAO PAULO",,,,,,,,10,0,05,0,0000-00-00,0000-00-00,,,00000000,,NULL
35851948,NULL,NULL,NULL,61565511004485,2,"CASA ANGLO BRASILEIRA S/A",MAPPIN,08,2008-12-31,71,,,,2046,1987-08-27,8299799,RUA,"CEL XAVIER DE TOLEDO",161,"406 VIDE VERSO",CENTRO,1048903,SP,7107,"SAO PAULO",,,,,,,,10,0,05,0,0000-00-00,0000-00-00,,,00000000,,NULL
35851949,NULL,NULL,NULL,61565511004566,2,"CASA ANGLO BRASILEIRA S/A",MAPPIN,08,2008-12-31,71,,,,2046,1991-03-07,4713001,AVENIDA,"ROQUE PETRONI JUNIOR",1089,"LUC N 46 S 631 31L","VILA GERTRUDES",4707000,SP,7107,"SAO PAULO",,,,,,,,10,0,05,0,0000-00-00,0000-00-00,,,00000000,,NULL
35851950,NULL,NULL,NULL,61565511004647,2,"CASA ANGLO BRASILEIRA S/A",MAPPIN,08,2008-12-31,71,,,,2046,1991-03-07,4713001,TRAVESSA,CASALBUONO,120,"SUC N 124",COROA,2089900,SP,7107,"SAO PAULO",,,,,,,,10,0,05,0,0000-00-00,0000-00-00,,,00000000,,NULL
35851951,NULL,NULL,NULL,61565511004728,2,"CASA ANGLO BRASILEIRA S/A",MAPPIN,08,2008-12-31,71,,,,2046,1991-03-22,4713001,AVENIDA,ANTARTICA,380,"ARCO 1101 2101E3101","AGUA BRANCA",5003900,SP,7107,"SAO PAULO",,,,,,,,10,0,05,0,0000-00-00,0000-00-00,,,00000000,,NULL
35851952,NULL,NULL,NULL,61565511004809,2,"CASA ANGLO BRASILEIRA S/A",MAPPIN,08,2008-12-31,71,,,,2046,1991-05-17,4713001,AVENIDA,IGUATEMI,777,"SUC C 1 2 PISOS","JARDIM BRANDINA",13061083,SP,6291,CAMPINAS,,,,,,,,10,0,05,0,0000-00-00,0000-00-00,,,00000000,,NULL
35851953,NULL,NULL,NULL,61565511004990,2,"CASA ANGLO BRASILEIRA S/A",MAPPIN,08,2008-12-31,71,,,,2046,1991-06-17,4713001,RUA,"COSTA AGUIAR",500,540,CENTRO,13010061,SP,6291,CAMPINAS,,,,,,,,10,0,05,0,0000-00-00,0000-00-00,,,00000000,,NULL
35851954,NULL,NULL,NULL,61565511005023,2,"CASA ANGLO BRASILEIRA S/A",MAPPIN,08,2008-12-31,71,,,,2046,1991-09-16,8299799,RUA,"DR BRAULIO GOMES",36,"11 E 12 ANDAR",CENTRO,1047903,SP,7107,"SAO PAULO",,,,,,,,10,0,05,0,0000-00-00,0000-00-00,,,00000000,,NULL
35851955,NULL,NULL,NULL,61565511005104,2,"CASA ANGLO BRASILEIRA S/A",MAPPIN,08,2008-12-31,71,,,,2046,1991-12-02,4713001,RUA,"JOSE PAULINO",1248,"4 ANDAR",CENTRO,13013904,SP,6291,CAMPINAS,,,,,,,,10,0,05,0,0000-00-00,0000-00-00,,,00000000,,NULL
36201023,NULL,NULL,NULL,64904972000193,1,"MAPPIN LOJAS DE DEPARTAMENTOS S/A",MAPPIN,08,2008-12-31,71,,,,2054,1990-12-03,4713001,PRACA,"RAMOS DE AZEVEDO",131,,CENTRO,1037010,SP,7107,"SAO PAULO",,,,,,,,16,0,05,0,0000-00-00,0000-00-00,N,,,,NULL
36201024,NULL,NULL,NULL,64904972000274,2,"MAPPIN LOJAS DE DEPARTAMENTOS S/A",MAPPIN,08,2008-12-31,71,,,,2054,1991-12-09,4713001,RUA,"SAO BENTO",230,,CENTRO,1010000,SP,7107,"SAO PAULO",,,,,,,,16,0,05,0,0000-00-00,0000-00-00,,,00000000,,NULL
36201025,NULL,NULL,NULL,64904972000355,2,"MAPPIN LOJAS DE DEPARTAMENTOS S/A",MAPPIN,08,2008-12-31,71,,,,2054,1991-12-09,4713001,AVENIDA,"SAO JOAO",1086,,CENTRO,1035000,SP,7107,"SAO PAULO",,,,,,,,16,0,05,0,0000-00-00,0000-00-00,,,00000000,,NULL
36201026,NULL,NULL,NULL,64904972000436,2,"MAPPIN LOJAS DE DEPARTAMENTOS S/A",MAPPIN,08,2008-12-31,71,,,,2054,1991-12-09,4693100,RUA,"CEL XAVIER DE TOLEDO",88,,CENTRO,1048000,SP,7107,"SAO PAULO",,,,,,,,16,0,05,0,0000-00-00,0000-00-00,,,00000000,,NULL
36201027,NULL,NULL,NULL,64904972000517,2,"MAPPIN LOJAS DE DEPARTAMENTOS S/A",MAPPIN,08,2008-12-31,71,,,,2054,1991-12-09,4713001,RUA,"JOAO CACHOEIRA",899,,ITAIM,4535013,SP,7107,"SAO PAULO",,,,,,,,16,0,05,0,0000-00-00,0000-00-00,,,00000000,,NULL
36201028,NULL,NULL,NULL,64904972000606,2,"MAPPIN LOJAS DE DEPARTAMENTOS S/A",MAPPIN,08,2008-12-31,71,,,,2054,1991-12-09,4713001,AVENIDA,"PEREIRA BARRETO",42,,,9190900,SP,7057,"SANTO ANDRE",,,,,,,,16,0,05,0,0000-00-00,0000-00-00,,,00000000,,NULL
36201029,NULL,NULL,NULL,64904972000789,2,"MAPPIN LOJAS DE DEPARTAMENTOS S/A",MAPPIN,08,2008-12-31,71,,,,2054,1991-12-09,4713001,TRAVESSA,CASALBUONO,120,"SUC 124",COROA,2089900,SP,7107,"SAO PAULO",,,,,,,,16,0,05,0,0000-00-00,0000-00-00,,,00000000,,NULL
36201030,NULL,NULL,NULL,64904972000860,2,"MAPPIN LOJAS DE DEPARTAMENTOS S/A",MAPPIN,08,2008-12-31,71,,,,2054,1991-12-09,4713001,AVENIDA,"ROQUE PETRONI JUNIOR",1089,"LUC 46S 631 31L","VILA GERTRUDES",4707000,SP,7107,"SAO PAULO",,,,,,,,16,0,05,0,0000-00-00,0000-00-00,,,00000000,,NULL
36201031,NULL,NULL,NULL,64904972000940,2,"MAPPIN LOJAS DE DEPARTAMENTOS S/A",MAPPIN,08,2008-12-31,71,,,,2054,1991-12-09,4713001,AVENIDA,ANTARTICA,380,"ARCO 1101 2101 3101","AGUA BRANCA",5003900,SP,7107,"SAO PAULO",,,,,,,,16,0,05,0,0000-00-00,0000-00-00,,,00000000,,NULL
36201032,NULL,NULL,NULL,64904972001084,2,"MAPPIN LOJAS DE DEPARTAMENTOS S/A",MAPPIN,08,2008-12-31,71,,,,2054,1991-12-09,4713001,AVENIDA,IGUATEMI,777,"SUC C 1 2 PISOS","JARDIM BRANDINA",13061083,SP,6291,CAMPINAS,,,,,,,,16,0,05,0,0000-00-00,0000-00-00,,,00000000,,NULL
36201033,NULL,NULL,NULL,64904972001165,2,"MAPPIN LOJAS DE DEPARTAMENTOS S/A",MAPPIN,08,2008-12-31,71,,,,2054,1991-12-09,4713001,RUA,"COSTA AGUIAR",500,540,CENTRO,13010061,SP,6291,CAMPINAS,,,,,,,,16,0,05,0,0000-00-00,0000-00-00,,,00000000,,NULL
36201034,NULL,NULL,NULL,64904972001246,2,"MAPPIN LOJAS DE DEPARTAMENTOS S/A",MAPPIN,08,2008-12-31,71,,,,2054,1991-12-09,4693100,RUA,"CEL XAVIER DE TOLEDO",161,"7 AND CJ 701",CENTRO,1048100,SP,7107,"SAO PAULO",,,,,,,,16,0,05,0,0000-00-00,0000-00-00,,,00000000,,NULL
36201035,NULL,NULL,NULL,64904972001327,2,"MAPPIN LOJAS DE DEPARTAMENTOS S/A",MAPPIN,08,1993-08-13,01,,,,2054,1991-12-09,4693100,RUA,"HASSIB MOFARREJ",647,,"VILA LEOPOLDINA",5312000,SP,7107,"SAO PAULO",,,,,,,,16,0,05,0,0000-00-00,0000-00-00,,,00000000,,NULL
36201036,NULL,NULL,NULL,64904972001408,2,"MAPPIN LOJAS DE DEPARTAMENTOS S/A",MAPPIN,08,2008-12-31,71,,,,2054,1991-12-09,4693100,RUA,"HASSIB MOFARREJ",809,,"VILA LEOPOLDINA",5312000,SP,7107,"SAO PAULO",,,,,,,,16,0,05,0,0000-00-00,0000-00-00,,,00000000,,NULL
36201037,NULL,NULL,NULL,64904972001599,2,"MAPPIN LOJAS DE DEPARTAMENTOS S/A",MAPPIN,08,2008-12-31,71,,,,2054,1991-12-09,4693100,RUA,"HASSIB MOFARREJ",662,,"VILA LEOPOLDINA",5312000,SP,7107,"SAO PAULO",,,,,,,,16,0,05,0,0000-00-00,0000-00-00,,,00000000,,NULL
36201038,NULL,NULL,NULL,64904972001670,2,"MAPPIN LOJAS DE DEPARTAMENTOS S/A",MAPPIN,08,2008-12-31,71,,,,2054,1991-12-09,4693100,RUA,OTHAO,350,,"VILA LEOPOLDINA",5313020,SP,7107,"SAO PAULO",,,,,,,,16,0,05,0,0000-00-00,0000-00-00,,,00000000,,NULL
36201039,NULL,NULL,NULL,64904972001750,2,"MAPPIN LOJAS DE DEPARTAMENTOS S/A",MAPPIN,08,2008-12-31,71,,,,2054,1991-12-09,4693100,RUA,"HASSIB MOFARREJ",1180,,"VILA LEOPOLDINA",5312000,SP,7107,"SAO PAULO",,,,,,,,16,0,05,0,0000-00-00,0000-00-00,,,00000000,,NULL
36201040,NULL,NULL,NULL,64904972001831,2,"MAPPIN LOJAS DE DEPARTAMENTOS S/A",MAPPIN,08,2008-12-31,71,,,,2054,1991-12-18,5612100,RUA,"CONS CRISPINIANO",58,14,CENTRO,1037000,SP,7107,"SAO PAULO",,,,,,,,16,0,05,0,0000-00-00,0000-00-00,,,00000000,,NULL
36201041,NULL,NULL,NULL,64904972001912,2,"MAPPIN LOJAS DE DEPARTAMENTOS S/A",MAPPIN,08,2008-12-31,71,,,,2054,1991-12-18,5612100,AVENIDA,"SAO JOAO",473,,CENTRO,1035000,SP,7107,"SAO PAULO",,,,,,,,16,0,05,0,0000-00-00,0000-00-00,,,00000000,,NULL
36201042,NULL,NULL,NULL,64904972002056,2,"MAPPIN LOJAS DE DEPARTAMENTOS S/A",MAPPIN,08,2008-12-31,71,,,,2054,1991-12-18,4693100,RUA,"CONSELHEIRO CRISPINIANO",58,"6 ANDAR",CENTRO,1037000,SP,7107,"SAO PAULO",,,,,,,,16,0,05,0,0000-00-00,0000-00-00,,,00000000,,NULL
36201043,NULL,NULL,NULL,64904972002137,2,"MAPPIN LOJAS DE DEPARTAMENTOS S/A",MAPPIN,08,1993-08-13,01,,,,2054,1991-12-18,4693100,RUA,"CONS CRISPINIANO",72,"2 AO 11",CENTRO,1037000,SP,7107,"SAO PAULO",,,,,,,,16,0,05,0,0000-00-00,0000-00-00,,,00000000,,NULL
36201044,NULL,NULL,NULL,64904972002218,2,"MAPPIN LOJAS DE DEPARTAMENTOS S/A",MAPPIN,08,2008-12-31,71,,,,2054,1991-12-18,4693100,RUA,"CEL XAVIER DE TOLEDO",161,"7 ANDAR",CENTRO,1048100,SP,7107,"SAO PAULO",,,,,,,,16,0,05,0,0000-00-00,0000-00-00,,,00000000,,NULL
36201045,NULL,NULL,NULL,64904972002307,2,"MAPPIN LOJAS DE DEPARTAMENTOS S/A",MAPPIN,08,1993-08-13,01,,,,2054,1991-12-18,4693100,RUA,"CEL XAVIER DE TOLEDO",137,"31 A 34 VIDE VERSO",CENTRO,1048100,SP,7107,"SAO PAULO",,,,,,,,16,0,05,0,0000-00-00,0000-00-00,,,00000000,,NULL
36201046,NULL,NULL,NULL,64904972002480,2,"MAPPIN LOJAS DE DEPARTAMENTOS S/A",MAPPIN,08,2008-12-31,71,,,,2054,1991-12-18,4693100,RUA,"SAO BENTO",200,"2 4",CENTRO,1010000,SP,7107,"SAO PAULO",,,,,,,,16,0,05,0,0000-00-00,0000-00-00,,,00000000,,NULL
36201047,NULL,NULL,NULL,64904972002560,2,"MAPPIN LOJAS DE DEPARTAMENTOS S/A",MAPPIN,08,1993-08-13,01,,,,2054,1991-12-18,4693100,RUA,"JOSE PAULINO",1248,4,CENTRO,13013904,SP,6291,CAMPINAS,,,,,,,,16,0,05,0,0000-00-00,0000-00-00,,,00000000,,NULL
36201048,NULL,NULL,NULL,64904972002641,2,"MAPPIN LOJAS DE DEPARTAMENTOS S/A",MAPPIN,08,2008-12-31,71,,,,2054,1991-12-18,4693100,ALAMEDA,"BAR DE LIMEIRA",89,"CJS 101 VIDE VERSO",CENTRO,1202001,SP,7107,"SAO PAULO",,,,,,,,16,0,05,0,0000-00-00,0000-00-00,,,00000000,,NULL
36201049,NULL,NULL,NULL,64904972002722,2,"MAPPIN LOJAS DE DEPARTAMENTOS S/A",MAPPIN,08,2008-12-31,71,,,,2054,1991-12-18,4693100,ALAMEDA,"BAR DE LIMEIRA",108,,CENTRO,1202000,SP,7107,"SAO PAULO",,,,,,,,16,0,05,0,0000-00-00,0000-00-00,,,00000000,,NULL
36201050,NULL,NULL,NULL,64904972002803,2,"MAPPIN LOJAS DE DEPARTAMENTOS S/A",MAPPIN,08,2008-12-31,71,,,,2054,1993-07-08,4693100,RUA,"HASSIB MOFARREJ",1101,1175,"VILA LEOPOLDINA",5312000,SP,7107,"SAO PAULO",,,,,,,,16,0,05,0,0000-00-00,0000-00-00,,,00000000,,NULL
36201051,NULL,NULL,NULL,64904972002994,2,"MAPPIN LOJAS DE DEPARTAMENTOS S/A",MAPPIN,08,2008-12-31,71,,,,2054,1994-03-01,4713001,PRACA,"LEONOR KAUPA",100,"LOJAS 101 201 E 301","JARDIM DA SAUDE",4151000,SP,7107,"SAO PAULO",,,,,,,,16,0,05,0,0000-00-00,0000-00-00,,,00000000,,NULL
36201052,NULL,NULL,NULL,64904972003028,2,"MAPPIN LOJAS DE DEPARTAMENTOS S/A",MAPPIN,08,2008-12-31,71,,,,2054,1994-06-27,4713001,AVENIDA,TAMBORE,1000,,ALPHAVILLE,6460000,SP,6213,BARUERI,,,,,,,,16,0,05,0,0000-00-00,0000-00-00,,,00000000,,NULL
36201053,NULL,NULL,NULL,64904972003109,2,"MAPPIN LOJAS DE DEPARTAMENTOS S/A",MAPPIN,08,2008-12-31,71,,,,2054,1995-02-24,4713001,AVENIDA,"PROFESSORA IZORAIDA MARQUES PERES",401,SUC/BG,"ALTO DO CAMPOLIM",18048110,SP,7145,SOROCABA,,,,,,,,16,0,05,0,0000-00-00,0000-00-00,,,00000000,,NULL
36201054,NULL,NULL,NULL,64904972003290,2,"MAPPIN LOJAS DE DEPARTAMENTOS S/A",,08,2008-12-31,71,,,,2054,1996-08-05,4713001,PRACA,"DA REPUBLICA",309,"LOJA 1,2,3 E 4 SOB.",CENTRO,1045001,SP,7107,"SAO PAULO",,,,,,,,16,0,05,0,0000-00-00,0000-00-00,,,00000000,,NULL
36201055,NULL,NULL,NULL,64904972003370,2,"MAPPIN LOJAS DE DEPARTAMENTOS S/A",,08,2008-12-31,71,,,,2054,1997-01-21,4713001,AVENIDA,"BRIG FARIA LIMA",2075,"9 ANDAR",PINHEIROS,1451001,SP,7107,"SAO PAULO",,,,,,,,16,0,05,0,0000-00-00,0000-00-00,,,00000000,,NULL
36201056,NULL,NULL,NULL,64904972003451,2,"MAPPIN LOJAS DE DEPARTAMENTOS S/A",,08,2008-12-31,71,,,,2054,1997-03-25,4713001,AVENIDA,"GIOVANNI GRONCHI",5819,"LUC 1 G-2","JD GUEDALA",5724003,SP,7107,"SAO PAULO",,,,,,,,16,0,05,0,0000-00-00,0000-00-00,,,00000000,,NULL
36201057,NULL,NULL,NULL,64904972003532,2,"MAPPIN LOJAS DE DEPARTAMENTOS S/A",,08,2008-12-31,71,,,,2054,1997-03-31,4713001,AVENIDA,"DEP.BENEDITO MATARAZZO",9403,"SUC L","SAO J.DOS CAMPOS",12227788,SP,7099,"SAO JOSE DOS CAMPOS",,,,,,,,16,0,05,0,0000-00-00,0000-00-00,,,00000000,,NULL
36201058,NULL,NULL,NULL,64904972003613,2,"MAPPIN LOJAS DE DEPARTAMENTOS S/A",,08,2008-12-31,71,,,,2054,1997-06-27,4713001,RUA,"DOMINGOS AGOSTIN",91,"LOJA ANCORA 1",TATUAPE,3306010,SP,7107,"SAO PAULO",,,,,,,,16,0,05,0,0000-00-00,0000-00-00,,,00000000,,NULL
36201059,NULL,NULL,NULL,64904972003702,2,"MAPPIN LOJAS DE DEPARTAMENTOS S/A",,08,2008-12-31,71,,,,2054,1997-06-27,4713001,AVENIDA,INTERLAGOS,2255,"LOJA A5","JARDIM CONSORCIO",4661200,SP,7107,"SAO PAULO",,,,,,,,16,0,05,0,0000-00-00,0000-00-00,,,00000000,,NULL
36201060,NULL,NULL,NULL,64904972003885,2,"MAPPIN LOJAS DE DEPARTAMENTOS S/A",,08,2008-12-31,71,,,,2054,1997-06-27,4713001,AVENIDA,"C FERNANDO FERREIRA LEITE",1540,"LOJA 140","JARDIM CALIFORNIA",14026020,SP,6969,"RIBEIRAO PRETO",,,,,,,,16,0,05,0,0000-00-00,0000-00-00,,,00000000,,NULL
36201061,NULL,NULL,NULL,64904972003966,2,"MAPPIN LOJAS DE DEPARTAMENTOS S/A",,08,2008-12-31,71,,,,2054,1997-08-27,8513900,AVENIDA,"PADRE OLIVETANOS",241,,"VILA ESPERANCA",3648000,SP,7107,"SAO PAULO",,,,,,,,16,0,05,0,0000-00-00,0000-00-00,,,00000000,,NULL
36201062,NULL,NULL,NULL,64904972004008,2,"MAPPIN LOJAS DE DEPARTAMENTOS S/A",MAPPIN,08,2008-12-31,71,,,,2054,1998-06-19,5611203,AVENIDA,"BRIG.FARIA LIMA",1352,1358,"JD PAULISTANO",1452001,SP,7107,"SAO PAULO",,,,,,,,16,0,05,0,0000-00-00,0000-00-00,,,00000000,,NULL
36201063,NULL,NULL,NULL,64904972004180,2,"MAPPIN LOJAS DE DEPARTAMENTOS S/A",MAPPIN,08,2008-12-31,71,,,,2054,1998-09-28,4713001,RUA,"VINTE E QUATRO DE MAIO",141,"PARTE 1",CENTRO,1041001,SP,7107,"SAO PAULO",,,,,,,,16,0,05,0,0000-00-00,0000-00-00,,,00000000,,NULL
36201064,NULL,NULL,NULL,64904972004261,2,"MAPPIN LOJAS DE DEPARTAMENTOS S/A",MAPPIN,08,2008-12-31,71,,,,2054,1998-09-30,4713001,AVENIDA,LIMEIRA,722,"LOJA B - PARTE","VILA REZENDE",13414018,SP,6875,PIRACICABA,,,,,,,,16,0,05,0,0000-00-00,0000-00-00,,,00000000,,NULL
36380171,NULL,NULL,NULL,66627209000198,1,"MAPPIN EMPREENDIMENTOS IMOBILIARIOS LTDA",,08,2008-12-31,71,,,,2062,1991-07-31,6821802,AVENIDA,TAMBORE,1000,,ALPHAVILE,6436240,SP,6213,BARUERI,,,,,,,,49,0,05,0,0000-00-00,0000-00-00,N,,,,NULL
36380172,NULL,NULL,NULL,66627209000279,2,"MAPPIN EMPREENDIMENTOS IMOBILIARIOS LTDA",,08,2008-12-31,71,,,,2062,1992-12-28,6821802,AVENIDA,"PEREIRA BARRETO",42,"PISO 2",,9190900,SP,7057,"SANTO ANDRE",,,,,,,,49,0,05,0,0000-00-00,0000-00-00,,,00000000,,NULL
37302059,NULL,NULL,NULL,76899137000191,1,"NAAMAN ABDUL KADER HUSSEIN CALCADOS","MAPPIN CALCADOS",08,2006-08-11,01,,,,2135,1983-09-06,4782201,AVENIDA,PARANA,3549,,"ZONA I",87501030,PR,7935,UMUARAMA,04,6223730,,,,,,50,0,05,0,0000-00-00,0000-00-00,N,,,,NULL
37661083,NULL,NULL,NULL,80397573000130,1,"FAMARI COMERCIO DE PRESENTES E BIJOUTERIAS LTDA","MAPPIN PRESENTES",08,2008-12-31,71,,,,2062,1988-01-26,4774100,RUA,URUGUAI,1990,,CENTRO,86010220,PR,7667,LONDRINA,,,,,,,,49,0,05,0,0000-00-00,0000-00-00,N,,,,NULL
